id,name,year,year_index,total_players,peak_year_index,rank,dnp,sport_name,league,stat_prop,stat_val,played_prop,played_val,played_2_prop,played_2_val,team,pos
millere01,Reggie Miller,1988,0,332,12,75,false,basketball,nba,vorp,1.2,g,82,,,IND,
millere01,Reggie Miller,1989,1,353,12,38,false,basketball,nba,vorp,2.8,g,74,,,IND,
millere01,Reggie Miller,1990,2,381,12,14,false,basketball,nba,vorp,4.6,g,82,,,IND,
millere01,Reggie Miller,1991,3,387,12,16,false,basketball,nba,vorp,4.5,g,82,,,IND,
millere01,Reggie Miller,1992,4,386,12,20,false,basketball,nba,vorp,3.8,g,82,,,IND,
millere01,Reggie Miller,1993,5,390,12,12,false,basketball,nba,vorp,4.4,g,82,,,IND,
millere01,Reggie Miller,1994,6,403,12,18,false,basketball,nba,vorp,4.1,g,79,,,IND,
millere01,Reggie Miller,1995,7,407,12,16,false,basketball,nba,vorp,4.3,g,81,,,IND,
millere01,Reggie Miller,1996,8,429,12,17,false,basketball,nba,vorp,3.9,g,76,,,IND,
millere01,Reggie Miller,1997,9,441,12,10,false,basketball,nba,vorp,5.2,g,81,,,IND,
millere01,Reggie Miller,1998,10,438,12,14,false,basketball,nba,vorp,4.4,g,81,,,IND,
millere01,Reggie Miller,1999,11,439,12,18,false,basketball,nba,vorp,2.5,g,50,,,IND,
millere01,Reggie Miller,2000,12,438,12,17,false,basketball,nba,vorp,4.0,g,81,,,IND,
millere01,Reggie Miller,2001,13,441,12,32,false,basketball,nba,vorp,3.5,g,81,,,IND,
millere01,Reggie Miller,2002,14,440,12,24,false,basketball,nba,vorp,3.6,g,79,,,IND,
millere01,Reggie Miller,2003,15,428,12,61,false,basketball,nba,vorp,2.1,g,70,,,IND,
millere01,Reggie Miller,2004,16,442,12,39,false,basketball,nba,vorp,2.8,g,80,,,IND,
millere01,Reggie Miller,2005,17,464,12,83,false,basketball,nba,vorp,1.6,g,66,,,IND,
augusse01w,Seimone Augustus,2006,0,182,11,18,false,basketball,wnba,ws,3.9,g,34,,,MIN,
augusse01w,Seimone Augustus,2007,1,173,11,3,false,basketball,wnba,ws,6.1,g,34,,,MIN,
augusse01w,Seimone Augustus,2008,2,192,11,13,false,basketball,wnba,ws,4.3,g,31,,,MIN,
augusse01w,Seimone Augustus,2009,3,164,11,74,false,basketball,wnba,ws,1.0,g,6,,,MIN,
augusse01w,Seimone Augustus,2010,4,143,11,54,false,basketball,wnba,ws,1.4,g,25,,,MIN,
augusse01w,Seimone Augustus,2011,5,142,11,4,false,basketball,wnba,ws,5.4,g,34,,,MIN,
augusse01w,Seimone Augustus,2012,6,146,11,15,false,basketball,wnba,ws,4.3,g,29,,,MIN,
augusse01w,Seimone Augustus,2013,7,146,11,14,false,basketball,wnba,ws,4.4,g,31,,,MIN,
augusse01w,Seimone Augustus,2014,8,154,11,32,false,basketball,wnba,ws,2.2,g,24,,,MIN,
augusse01w,Seimone Augustus,2015,9,159,11,67,false,basketball,wnba,ws,1.1,g,16,,,MIN,
augusse01w,Seimone Augustus,2016,10,158,11,52,false,basketball,wnba,ws,1.4,g,29,,,MIN,
augusse01w,Seimone Augustus,2017,11,157,11,13,false,basketball,wnba,ws,3.9,g,32,,,MIN,
f316,Juan carlos Ferrero,1997,0,1593,8,681,false,tennis,atp,,,tourneys_played,3,,,,
f316,Juan carlos Ferrero,1998,1,1606,8,346,false,tennis,atp,,,tourneys_played,11,,,,
f316,Juan carlos Ferrero,1999,2,1571,8,42,false,tennis,atp,,,tourneys_played,19,,,,
f316,Juan carlos Ferrero,2000,3,1606,8,12,false,tennis,atp,,,tourneys_played,27,,,,
f316,Juan carlos Ferrero,2001,4,1669,8,5,false,tennis,atp,,,tourneys_played,23,,,,
f316,Juan carlos Ferrero,2002,5,1662,8,4,false,tennis,atp,,,tourneys_played,26,,,,
f316,Juan carlos Ferrero,2003,6,1742,8,3,false,tennis,atp,,,tourneys_played,20,,,,
f316,Juan carlos Ferrero,2004,7,1825,8,31,false,tennis,atp,,,tourneys_played,21,,,,
f316,Juan carlos Ferrero,2005,8,1923,8,17,false,tennis,atp,,,tourneys_played,26,,,,
f316,Juan carlos Ferrero,2006,9,1978,8,23,false,tennis,atp,,,tourneys_played,24,,,,
f316,Juan carlos Ferrero,2007,10,1835,8,24,false,tennis,atp,,,tourneys_played,20,,,,
f316,Juan carlos Ferrero,2008,11,1937,8,55,false,tennis,atp,,,tourneys_played,19,,,,
f316,Juan carlos Ferrero,2009,12,1812,8,23,false,tennis,atp,,,tourneys_played,25,,,,
f316,Juan carlos Ferrero,2010,13,1754,8,29,false,tennis,atp,,,tourneys_played,23,,,,
f316,Juan carlos Ferrero,2011,14,1943,8,50,false,tennis,atp,,,tourneys_played,18,,,,
f316,Juan carlos Ferrero,2012,15,1985,8,213,false,tennis,atp,,,tourneys_played,18,,,,
200748,Venus Williams,1995,0,1109,22,205,false,tennis,wta,,,tours,13,,,,
200748,Venus Williams,1996,1,1110,22,216,false,tennis,wta,,,tours,13,,,,
200748,Venus Williams,1997,2,1090,22,22,false,tennis,wta,,,tours,13,,,,
200748,Venus Williams,1998,3,1106,22,5,false,tennis,wta,,,tours,13,,,,
200748,Venus Williams,1999,4,1049,22,3,false,tennis,wta,,,tours,13,,,,
200748,Venus Williams,2000,5,600,22,3,false,tennis,wta,,,tours,13,,,,
200748,Venus Williams,2001,6,600,22,3,false,tennis,wta,,,tours,13,,,,
200748,Venus Williams,2002,7,1249,22,2,false,tennis,wta,,,tours,13,,,,
200748,Venus Williams,2003,8,1132,22,11,false,tennis,wta,,,tours,13,,,,
200748,Venus Williams,2004,9,1271,22,9,false,tennis,wta,,,tours,13,,,,
200748,Venus Williams,2005,10,1396,22,10,false,tennis,wta,,,tours,13,,,,
200748,Venus Williams,2006,11,1516,22,46,false,tennis,wta,,,tours,13,,,,
200748,Venus Williams,2007,12,1103,22,8,false,tennis,wta,,,tours,13,,,,
200748,Venus Williams,2008,13,1152,22,6,false,tennis,wta,,,tours,13,,,,
200748,Venus Williams,2009,14,1149,22,6,false,tennis,wta,,,tours,13,,,,
200748,Venus Williams,2010,15,1186,22,5,false,tennis,wta,,,tours,13,,,,
200748,Venus Williams,2011,16,1276,22,102,false,tennis,wta,,,tours,13,,,,
200748,Venus Williams,2012,17,1203,22,24,false,tennis,wta,,,tours,16,,,,
200748,Venus Williams,2013,18,1310,22,47,false,tennis,wta,,,tours,15,,,,
200748,Venus Williams,2014,19,1282,22,18,false,tennis,wta,,,tours,,,,,
200748,Venus Williams,2015,20,1350,22,7,false,tennis,wta,,,tours,,,,,
200748,Venus Williams,2016,21,1313,22,17,false,tennis,wta,,,tours,,,,,
200748,Venus Williams,2017,22,1274,22,5,false,tennis,wta,,,tours,16,,,,
08793,Tiger Woods,1992,0,320,21,,true,golf,pga,officialMoney,,events,1,,,,
08793,Tiger Woods,1993,1,334,21,,true,golf,pga,officialMoney,,events,3,,,,
08793,Tiger Woods,1994,2,328,21,,true,golf,pga,officialMoney,,events,3,,,,
08793,Tiger Woods,1995,3,359,21,,true,golf,pga,officialMoney,,events,4,,,,
08793,Tiger Woods,1996,4,372,21,,true,golf,pga,officialMoney,,events,3,,,,
08793,Tiger Woods,1997,5,348,21,1,false,golf,pga,officialMoney,2066833,events,21,,,,
08793,Tiger Woods,1998,6,352,21,4,false,golf,pga,officialMoney,1841117,events,20,,,,
08793,Tiger Woods,1999,7,339,21,1,false,golf,pga,officialMoney,6616585,events,21,,,,
08793,Tiger Woods,2000,8,341,21,1,false,golf,pga,officialMoney,9188321,events,20,,,,
08793,Tiger Woods,2001,9,347,21,1,false,golf,pga,officialMoney,5687777,events,19,,,,
08793,Tiger Woods,2002,10,348,21,1,false,golf,pga,officialMoney,6912625,events,18,,,,
08793,Tiger Woods,2003,11,330,21,2,false,golf,pga,officialMoney,6673413,events,18,,,,
08793,Tiger Woods,2004,12,358,21,4,false,golf,pga,officialMoney,5365472,events,19,,,,
08793,Tiger Woods,2005,13,360,21,1,false,golf,pga,officialMoney,10628024,events,21,,,,
08793,Tiger Woods,2006,14,352,21,1,false,golf,pga,officialMoney,9941563,events,15,,,,
08793,Tiger Woods,2007,15,327,21,1,false,golf,pga,officialMoney,10867052,events,16,,,,
08793,Tiger Woods,2008,16,360,21,2,false,golf,pga,officialMoney,5775000,events,6,,,,
08793,Tiger Woods,2009,17,350,21,1,false,golf,pga,officialMoney,10508163,events,17,,,,
08793,Tiger Woods,2010,18,356,21,71,false,golf,pga,officialMoney,1294765,events,12,,,,
08793,Tiger Woods,2011,19,338,21,132,false,golf,pga,officialMoney,660238,events,9,,,,
08793,Tiger Woods,2012,20,356,21,2,false,golf,pga,officialMoney,6133158,events,19,,,,
08793,Tiger Woods,2013,21,338,21,1,false,golf,pga,officialMoney,8553439,events,16,,,,
08793,Tiger Woods,2014,22,354,21,226,false,golf,pga,officialMoney,108275,events,7,,,,
08793,Tiger Woods,2015,23,359,21,167,false,golf,pga,officialMoney,448598,events,11,,,,
08793,Tiger Woods,2016,24,350,21,,true,golf,pga,officialMoney,,events,,,,,
08793,Tiger Woods,2017,25,359,21,,true,golf,pga,officialMoney,,events,1,,,,
annika-sorenstam-81956,Annika Sorenstam,1994,0,178,14,39,false,golf,lpga,money,127451,events,18,,,,
annika-sorenstam-81956,Annika Sorenstam,1995,1,183,14,1,false,golf,lpga,money,666533,events,19,,,,
annika-sorenstam-81956,Annika Sorenstam,1996,2,180,14,3,false,golf,lpga,money,808311,events,20,,,,
annika-sorenstam-81956,Annika Sorenstam,1997,3,182,14,1,false,golf,lpga,money,1236789,events,22,,,,
annika-sorenstam-81956,Annika Sorenstam,1998,4,187,14,1,false,golf,lpga,money,1092748,events,21,,,,
annika-sorenstam-81956,Annika Sorenstam,1999,5,173,14,4,false,golf,lpga,money,863816,events,22,,,,
annika-sorenstam-81956,Annika Sorenstam,2000,6,175,14,2,false,golf,lpga,money,1404948,events,22,,,,
annika-sorenstam-81956,Annika Sorenstam,2001,7,174,14,1,false,golf,lpga,money,2105868,events,26,,,,
annika-sorenstam-81956,Annika Sorenstam,2002,8,164,14,1,false,golf,lpga,money,2863904,events,23,,,,
annika-sorenstam-81956,Annika Sorenstam,2003,9,168,14,1,false,golf,lpga,money,2029506,events,17,,,,
annika-sorenstam-81956,Annika Sorenstam,2004,10,166,14,1,false,golf,lpga,money,2544707,events,18,,,,
annika-sorenstam-81956,Annika Sorenstam,2005,11,161,14,1,false,golf,lpga,money,2588240,events,20,,,,
annika-sorenstam-81956,Annika Sorenstam,2006,12,159,14,3,false,golf,lpga,money,1971741,events,20,,,,
annika-sorenstam-81956,Annika Sorenstam,2007,13,151,14,25,false,golf,lpga,money,532718,events,13,,,,
annika-sorenstam-81956,Annika Sorenstam,2008,14,159,14,4,false,golf,lpga,money,1735912,events,22,,,,
iginlja01,Jarome Iginla,1997,0,769,14,148,false,hockey,nhl,ps,4.8,games_played,82,,,CGY,
iginlja01,Jarome Iginla,1998,1,762,14,297,false,hockey,nhl,ps,2.5,games_played,70,,,CGY,
iginlja01,Jarome Iginla,1999,2,814,14,91,false,hockey,nhl,ps,5.9,games_played,82,,,CGY,
iginlja01,Jarome Iginla,2000,3,838,14,60,false,hockey,nhl,ps,7.0,games_played,77,,,CGY,
iginlja01,Jarome Iginla,2001,4,884,14,60,false,hockey,nhl,ps,7.9,games_played,77,,,CGY,
iginlja01,Jarome Iginla,2002,5,874,14,1,false,hockey,nhl,ps,14.4,games_played,82,,,CGY,
iginlja01,Jarome Iginla,2003,6,888,14,48,false,hockey,nhl,ps,8.2,games_played,75,,,CGY,
iginlja01,Jarome Iginla,2004,7,916,14,5,false,hockey,nhl,ps,11.1,games_played,81,,,CGY,
iginlja01,Jarome Iginla,2005,8,0,14,,true,hockey,nhl,ps,,games_played,,,,,
iginlja01,Jarome Iginla,2006,9,870,14,57,false,hockey,nhl,ps,7.8,games_played,82,,,CGY,
iginlja01,Jarome Iginla,2007,10,858,14,12,false,hockey,nhl,ps,11.1,games_played,70,,,CGY,
iginlja01,Jarome Iginla,2008,11,852,14,3,false,hockey,nhl,ps,14.2,games_played,82,,,CGY,
iginlja01,Jarome Iginla,2009,12,885,14,24,false,hockey,nhl,ps,9.5,games_played,82,,,CGY,
iginlja01,Jarome Iginla,2010,13,879,14,35,false,hockey,nhl,ps,8.2,games_played,82,,,CGY,
iginlja01,Jarome Iginla,2011,14,891,14,7,false,hockey,nhl,ps,11.0,games_played,82,,,CGY,
iginlja01,Jarome Iginla,2012,15,894,14,41,false,hockey,nhl,ps,8.3,games_played,82,,,CGY,
iginlja01,Jarome Iginla,2013,16,839,14,111,false,hockey,nhl,ps,3.6,games_played,44,,,TOT,
iginlja01,Jarome Iginla,2014,17,886,14,31,false,hockey,nhl,ps,8.9,games_played,78,,,BOS,
iginlja01,Jarome Iginla,2015,18,882,14,69,false,hockey,nhl,ps,7.4,games_played,82,,,COL,
iginlja01,Jarome Iginla,2016,19,898,14,196,false,hockey,nhl,ps,4.6,games_played,82,,,COL,
iginlja01,Jarome Iginla,2017,20,888,14,441,false,hockey,nhl,ps,1.6,games_played,80,,,TOT,
1303,Roy Halladay,1998,0,1186,13,541,false,baseball,mlb,WAR,0.3,PA,,IP,14.0,Blue Jays,P
1303,Roy Halladay,1999,1,1209,13,471,false,baseball,mlb,WAR,0.5,PA,,IP,149.1,Blue Jays,P
1303,Roy Halladay,2000,2,1230,13,1172,false,baseball,mlb,WAR,-0.3,PA,,IP,67.2,Blue Jays,P
1303,Roy Halladay,2001,3,1220,13,69,false,baseball,mlb,WAR,4.0,PA,,IP,105.1,Blue Jays,P
1303,Roy Halladay,2002,4,1218,13,9,false,baseball,mlb,WAR,6.8,PA,,IP,239.1,Blue Jays,P
1303,Roy Halladay,2003,5,1230,13,8,false,baseball,mlb,WAR,7.0,PA,,IP,266.0,Blue Jays,P
1303,Roy Halladay,2004,6,1247,13,136,false,baseball,mlb,WAR,2.8,PA,,IP,133.0,Blue Jays,P
1303,Roy Halladay,2005,7,1237,13,65,false,baseball,mlb,WAR,3.8,PA,,IP,141.2,Blue Jays,P
1303,Roy Halladay,2006,8,1242,13,29,false,baseball,mlb,WAR,5.1,PA,,IP,220.0,Blue Jays,P
1303,Roy Halladay,2007,9,1278,13,31,false,baseball,mlb,WAR,5.1,PA,,IP,225.1,Blue Jays,P
1303,Roy Halladay,2008,10,1291,13,12,false,baseball,mlb,WAR,6.8,PA,,IP,246.0,Blue Jays,P
1303,Roy Halladay,2009,11,1266,13,10,false,baseball,mlb,WAR,7.0,PA,,IP,239.0,Blue Jays,P
1303,Roy Halladay,2010,12,1249,13,14,false,baseball,mlb,WAR,6.1,PA,,IP,250.2,Phillies,P
1303,Roy Halladay,2011,13,1295,13,2,false,baseball,mlb,WAR,8.3,PA,,IP,233.2,Phillies,P
1303,Roy Halladay,2012,14,1284,13,135,false,baseball,mlb,WAR,2.6,PA,,IP,156.1,Phillies,P
1303,Roy Halladay,2013,15,1304,13,1354,false,baseball,mlb,WAR,-0.7,PA,,IP,62.0,Phillies,P